-859707,31
-3884,2
-597305,5
-2242130,2
-5072256,3
-5928078,2
-4612729,2
-1587021,2
-1719636,3
-1390671,4
-1587280,1
-1257802,1
-863046,2
-796226,5
-927045,5
-1320776,11
-1254213,14
-1385542,22
-1451335,21
-1385540,40
-1451333,27
-1517126,15
-1253956,41
-1385029,94
-1385030,11
-1450823,20
-1517128,16
-1451080,9
-1385287,4
-1319494,7
-1516616,32
-1648202,29
-1779788,18
-1713741,1
-1582155,7
-1647948,3
-1845327,6
-1911374,17
-1845581,13
-1977167,12
-2108753,8
-1911120,3
-1976143,16
-1712971,11
-1844557,17
-1910350,14
-1778764,13
-1778766,3
-1713995,28
-1780045,6
-1648459,13
-1385799,16
-1122627,30
-991041,21
-925502,36
-859709,29
-925241,29
-859448,15
-793401,15
-859194,48
-924989,65
-1056577,49
-1122370,46
-1188161,97
-1253954,63
-1253952,55
-1188159,75
-1122366,106
-1122368,120
-1319747,53
-1253695,129
-1122879,54
-926270,26
-1122881,34
-1188674,34
-597564,1
-469828,5
-867666,2
-1201253,1
-3044997,1
-3506061,2
-2519166,1
-2520193,1
-7191496,1
-6139321,2
-2783878,2
-3046795,2
-2323842,2
-3904929,1
-2653836,1
-1072748,1
-2121073,1
-5865113,3
-2506590,149
-3887984,2
-4939902,1
-1190469,4
-794941,10
-991809,28
-926016,19
-1254981,11
-1320774,7
-1386567,8
-1517639,5
-1451592,10
-1188420,18
-1188163,42
-1450820,106
-1648199,30
-1518153,4
-1123908,11
-729920,5
-1321289,15
-1516877,2
-1253451,1
-1189450,1
-927305,1
-599621,1
-534341,2
-995919,3
-1654364,4
-1260120,7
-1063256,5
-471889,1
-668498,2
-1259606,6
-1192273,2
-138555,1
-862019,5
-664638,2
-1123906,18
-1385538,32
-1452873,5
-927299,9
-992322,13
-1189188,13
-1517385,12
-1648971,15
-1583948,4
-1518155,6
-1256011,8
-1321034,4
-1386829,1
-1517902,5
-1583695,1
-1649488,4
-1715281,6
-1847378,6
-1781585,7
-1584206,19
-1255241,3
-1189190,13
-1123397,10
-1057604,15
-728637,8
-860223,12
-1057602,15
-992063,30
-860477,25
-793914,23
-728121,10
-1255494,8
-1255496,11
-1189703,7
-1254983,8
-1452362,11
-1847121,4
-1781328,5
-1978707,1
-2505051,8
-2176086,3
-1912914,3
-2044500,2
-2110293,4
-1715535,2
-2768223,6
-2241879,1
-2636637,10
-2834016,9
-3097187,1
-2702429,3
-2439257,1
-2834015,1
-3228773,3
-3031394,3
-4215668,1
-3887216,3
-3031907,9
-3295079,7
-3821423,2
-4676732,1
-5334662,2
-4610939,2
-4545146,1
-4874111,1
-4808832,3
-5137797,3
-5532809,1
-5335430,1
-5401736,1
-6257045,2
-7046307,6
-6519963,1
-6191511,3
-6125718,5
-6388890,3
-6652063,4
-6388891,1
-6784418,1
-8889794,2
-8495036,1
-7113383,1
-7705520,1
-7771313,3
-6981797,1
-7047590,1
-5863316,2
-5008007,1
-6258074,3
-7376555,1
-8166071,2
-7902899,3
-6060695,1
-6060440,2
-6192539,1
-5863576,1
-6389920,2
-7113643,1
-7311022,1
-7705780,1
-7968952,2
-7639987,1
-7377329,1
-9153740,2
-9745877,2
-9680084,1
-10074842,1
-9087947,2
-9416398,2
-9942740,1
-9415883,2
-8428988,1
-7771058,3
-7639472,2
-7968437,2
-8362681,1
-8428474,2
-9152197,5
-8954818,1
-8231095,2
-8296888,1
-8625853,1
-8691646,2
-8034232,1
-8363197,2
-8757955,2
-7836851,1
-8494781,1
-9021125,1
-9547469,1
-8955332,1
-8757953,1
-9086918,4
-9613262,1
-10468571,1
-11258087,1
-11587054,1
-11520491,1
-10994149,1
-11257319,1
-12112628,1
-11783663,2
-10138838,2
-8889025,1
-9086404,2
-9217990,1
-9020610,1
-8823231,2
-9546954,1
-10665435,1
-10797019,1
-10139091,1
-10403290,1
-11258600,1
-10271705,1
-8824259,1
-8363708,3
-8232122,2
-7837364,2
-7771571,1
-9219017,2
-8890054,1
-8495296,1
-9284299,1
-10205401,1
-10534366,1
-9876436,2
-8823232,2
-8757439,1
-8494267,3
-8231609,1
-9152711,1
-10205654,2
-10403033,2
-9745103,1
-9284552,3
-9810896,1
-7837106,1
-7508141,1
-11060963,2
-10731226,1
-9612745,2
-6651801,2
-1454154,4
-1387848,12
-1519434,4
-1189953,8
-1255746,6
-1189440,24
-1255232,4
-1189439,7
-1123646,6
-1583683,6
-1714756,11
-1648963,20
-1517377,33
-1583170,25
-1649476,4
-1517890,11
-1452097,13
-1386304,28
-1386818,1
-1452611,1
-1254718,58
-1123647,32
-1255233,16
-1321026,8
-1321028,10
-1386569,6
-1386570,3
-1452363,4
-1715018,5
-1780811,4
-1846604,3
-1649225,6
-1780298,10
-1911884,3
-2043470,1
-1714505,4
-2109263,3
-2175056,2
-2240849,1
-2174797,2
-2043211,3
-1977418,1
-1845832,7
-1780039,5
-1582917,10
-1517124,12
-1583171,4
-1648964,12
-1451585,18
-1386049,32
-1451842,24
-1517635,10
-1189442,47
-1123649,55
-1255235,22
-1452614,6
-1583946,3
-1190471,10
-1124678,4
-1189701,7
-1255492,11
-1321285,13
-1386821,5
-1320256,65
-1188670,83
-1254463,78
-1385792,30
-1319999,40
-1385791,41
-1319998,69
-1648450,8
-1845829,15
-1911876,1
-1780290,6
-1714495,19
-1780288,16
-1648700,17
-1517114,12
-1451321,11
-1582907,4
-1648702,38
-1582909,30
-1451836,21
-1386043,21
-1517629,10
-1649215,12
-1583422,7
-1057856,49
-2084,1
-4140,3
-1979215,10
-4019568,4
-5335941,2
-4021362,3
-731971,1
-930120,2
-732741,6
-140350,1
-666180,2
-402495,1
-72762,1
-334908,1
-4403,1
-201525,2
-267061,7
-201266,7
-135473,3
-69680,2
-69682,4
-200755,2
-200756,2
-266806,2
-201013,2
-135220,1
-332342,1
-398135,2
-529721,5
-661307,3
-595260,4
-463674,1
-529467,1
-595514,2
-727100,1
-792893,2
-858432,3
-791869,1
-528697,4
-397111,1
-594490,2
-660283,1
-726076,1
-398392,2
-69939,2
-4146,3
-3889,7
-3886,3
-3370,1
-3368,3
-3114,1
-3373,1
-3630,2
-135475,2
-3628,2
-3371,3
-3887,4
-332593,1
-5168,11
-3115,1
-70193,2
-71220,2
-5937,1
-407115,2
-147795,1
-3308169,1
-4821921,1
-4559263,1
-2585473,2
-7586254,1
-4428190,2
-1138540,1
-1862776,1
-2455428,2
-4627880,1
-2258562,1
-1268844,1
-4620692,2
-4615046,3
-664386,3
-4743293,1
-2505561,5
-4653,2
-4397,2
-3883,2
-3629,1
-4143,3
-70707,8
-4914,5
-3117,1
-267572,1
-5170,1
-137013,1
-70709,6
-135735,1
-202042,2
-4915,1
-6455,2
-6966,1
-273478,1
-1524058,2
-1853538,1
-1985637,1
-2446447,1
-3564928,3
-4419980,2
-6853292,2
-6917801,2
-929352,4
-5167,1
-6195,1
-4910,3
-5165,3
-135471,1
-69678,1
-334392,1
-5940,2
-4913,1
-135986,1
-333111,3
-202295,9
-136760,1
-70967,1
-136503,6
-136249,4
-267835,3
-4663,2
-70456,1
-268346,2
-334139,1
-202553,1
-4659,5
-4402,2
-4400,3
-4657,2
-4911,4
-4141,1
-4398,1
-5427,3
-5429,2
-136502,8
-399674,3
-530491,3
-333882,4
-399675,1
-727870,3
-597054,1
-464698,3
-267319,1
-268089,4
-398905,3
-728640,1
-465468,2
-531260,1
-333881,1
-71222,2
-5172,2
-334394,1
-465980,2
-202808,1
-531773,2
-400701,2
-664127,3
-598334,1
-335675,1
-401468,1
-401214,3
-6456,1
-401727,2
-730692,2
-204348,1
-335934,1
-664899,2
-204349,1
-1191243,3
-994634,2
-665669,1
-1060427,1
-1389392,4
-1455185,3
-1718357,3
-2113115,7
-1915736,7
-2244701,7
-2507873,51
-1915994,3
-1718617,1
-1521238,2
-1652824,1
-1915996,1
-2244961,2
-2508133,1
-2639719,1
-2310754,2
-2771305,5
-2706026,1
-2969198,1
-3100270,1
-2640233,1
-3165548,12
-3231341,11
-3297134,15
-3362927,5
-3362413,2
-3165034,7
-3428206,1
-3559792,4
-3691378,3
-3757171,5
-3493999,2
-3888757,1
-3626101,2
-3889273,3
-3823478,2
-3955064,2
-4020857,2
-4218236,3
-4349822,1
-4284029,2
-4152443,1
-4547201,1
-5270924,3
-5796754,2
-5401742,3
-6191260,1
-6914981,2
-6717602,2
-6059672,2
-5533328,2
-5467789,3
-5599375,1
-5336203,4
-6323097,3
-6783648,1
-7309992,2
-7046818,1
-7705778,2
-7047848,2
-6850469,2
-6718883,2
-6587297,1
-6258332,1
-8166329,1
-8232124,1
-7836853,1
-8626369,1
-10073815,1
-10271194,1
-9678287,1
-8099509,1
-8560574,1
-10337240,3
-10731998,1
-9942482,3
-9679310,2
-7573934,1
-11192549,1
-10665433,2
-6717853,2
-993603,5
-598845,1
-71472,1
-334644,3
-4909,6
-4652,1
-4651,1
-4908,7
-267823,11
-333103,5
-464689,1
-399409,7
-136751,2
-202030,2
-136237,3
-70444,2
-5166,2
-70959,4
-202296,1
-530744,4
-464951,1
-399158,1
-464438,1
-596024,4
-661817,3
-530231,2
-793403,12
-924730,21
-858937,15
-793144,11
-727351,8
-595765,2
-529972,2
-267057,3
-201264,1
-333104,2
-398897,1
-201518,11
-135982,9
-70189,4
-267568,7
-201775,4
-70961,6
-136754,1
-202547,1
-333879,1
-136500,1
-6197,4
-5425,2
-71218,2
-4396,1
-333361,1
-135725,2
-201517,2
-135724,1
-69931,1
-464176,1
-661555,1
-859188,3
-793395,3
-727600,3
-793393,2
-793391,2
-661805,4
-596012,2
-727598,2
-661807,1
-596014,1
-464941,1
-399148,1
-530734,1
-662320,4
-596527,3
-1190467,7
-5679,1
-335158,4
-4020079,1
-5270146,2
-7573414,1
-4284280,9
-1784659,1
-1917015,1
-1982554,2
-1850970,2
-1981274,3
-1848920,1
-993098,3
-1321036,1
-1188421,6
-1253441,185
-1187648,182
-1121855,126
-1121857,84
-1187650,92
-1253443,106
-1319749,32
-1253444,13
-1319237,10
-1647178,6
-1582409,28
-1779018,44
-1844811,44
-1910604,35
-1581639,18
-1450053,12
-1515846,15
-1647432,38
-1450822,52
-990782,95
-991295,56
-727862,3
-793655,8
-924987,92
-990784,23
-1056575,108
-990780,117
-990523,71
-794684,17
-1057086,56
-663357,2
-1455696,1
-1722205,1
-1199454,3
-3241860,1
-4558749,1
-5677744,1
-2717313,1
-6072756,1
-6928065,2
-3638161,1
-3441295,3
-5744050,1
-3376015,2
-4359574,1
-6921905,1
-1983067,1
-3822704,1
-4939900,2
-532023,3
-663098,11
-1057088,54
-990269,50
-859196,24
-1123395,31
-926529,14
-1059655,1
-338242,3
-1787996,1
-4816525,3
-6265254,4
-5344411,4
-6265515,1
-6266285,1
-6726582,1
-5805480,2
-5672867,1
-4224392,1
-5143952,3
-7840436,2
-2180955,1
-9788,2
-798791,3
-599358,2
-597562,3
-860734,8
-1254214,7
-991042,2
-1056835,6
-991811,7
-926018,11
-860225,11
-1056834,24
-925500,39
-1320260,24
-1254467,27
-1386053,17
-1320006,7
-1648714,9
-1517386,4
-1582666,16
-1320007,2
-1385800,4
-1583179,4
-1780558,4
-1516873,5
-1977424,9
-1714765,5
-1846351,3
-1714764,14
-1846350,10
-1387080,5
-1584459,4
-1650252,8
-1321287,3
-861506,10
-1058885,6
-1387850,8
-1322570,6
-1454156,2
-993351,8
-730179,2
-1124937,6
-993864,3
-862278,1
-1454415,4
-1849173,34
-1980759,49
-1783380,33
-2243931,51
-2178138,60
-1914966,43
-2375517,48
-2638689,28
-2309724,48
-2244446,2
-2507618,1
-2376032,5
-2310239,3
-2704997,7
-2441825,3
-2112860,3
-2573411,3
-1981787,4
-1718615,2
-1849688,3
-2047067,2
-2178139,18
-2243932,15
-2112346,15
-2046553,13
-2375518,24
-2441311,23
-2375005,95
-2244448,1
-2047069,1
-2507104,20
-2309725,15
-1783381,9
-1388623,4
-1520209,4
-1519955,1
-1651028,2
-1585235,2
-1453649,2
-1453903,14
-1519696,14
-1388110,12
-1585489,18
-1717075,15
-1717074,16
-1585488,16
-1651281,13
-2046039,106
-2243418,183
-2112345,58
-1652309,2
-1783895,4
-2639204,5
-3099755,12
-3428720,7
-3494513,3
-3493745,1
-3888503,1
-3625331,2
-3362159,1
-3361900,6
-4217722,3
-4415101,2
-5138824,1
-5533582,1
-4876421,1
-5073800,1
-9152966,1
-10534619,1
-10074068,1
-10995170,1
-5796751,2
-2638430,43
-1783119,12
-598332,4
-795195,7
-992061,44
-794682,16
-859960,271
-991546,149
-1123132,84
-1057339,93
-1188412,40
-1254205,60
-1320509,9
-1254716,8
-1188923,5
-1188925,48
-926268,42
-1451846,6
-1648712,11
-1582919,8
-1714246,11
-1648453,12
-1582660,20
-1516865,27
-1451072,26
-1254206,31
-1122877,42
-1254465,41
-1058113,19
-1057854,51
-1057084,37
-1188413,27
-1122620,36
-1122619,42
-1056826,66
-1188410,108
-1451582,47
-1846083,4
-1846081,4
-1846079,22
-1780286,15
-1714493,14
-1454664,5
-6961,2
-467769,3
-4546935,3
-5929358,7
-9547973,1
-4153205,10
-1653841,2
-2048858,3
-1917272,2
-2179933,3
-1916763,2
-1652821,1
-1849174,9
-1124425,2
-1319236,78
-1713225,52
-662328,7
-924991,3
-1056573,106
-1056316,132
-596535,2
-991293,44
-1389390,3
-1458006,2
-1725028,3
-5412516,1
-3769233,1
-6072502,1
-5085861,1
-3045508,1
-5217447,1
-7059651,1
-4821919,1
-2190199,1
-2715003,2
-4818069,2
-2775406,2
-864327,2
-5993871,4
-2242387,6
-860475,29
-399924,1
-793916,17
-1056062,75
-1190980,4
-3167593,17
-5406864,4
-7054512,1
-7385274,7
-6531248,2
-5544866,2
-5149853,1
-5347234,3
-4886172,1
-5083549,1
-5477280,3
-7252662,2
-4028034,2
-3303026,1
-7578546,3
-3170160,1
-2116447,1
-2379106,2
-1060936,2
-728891,11
-926527,18
-1122628,3
-925248,11
-1188672,38
-1713994,18
-1845838,13
-1714252,11
-1583178,9
-1452875,28
-993092,9
-1322057,14
-1125191,4
-1388363,8
-1190984,7
-1059144,6
-1453902,8
-1519695,8
-1322316,9
-1190730,6
-1388622,1
-1586001,11
-2441310,54
-2572896,29
-2704482,18
-2967654,18
-2770276,19
-3033448,8
-2902376,16
-2836069,19
-2638690,13
-2178653,7
-1586516,1
-1915481,2
-1914967,8
-1980760,20
-1717588,1
-2177626,55
-2243419,59
-2112092,1
-1980506,2
-2572384,63
-2177372,4
-1782614,2
-1716821,1
-1782867,28
-1848660,33
-1454416,3
-1191244,2
-1520723,1
-2572897,23
-2836583,9
-2901862,17
-2967655,12
-3033962,16
-2506850,1
-1783127,1
-1914200,2
-2111833,46
-1914454,26
-1257037,1
-730693,1
-797255,1
-928841,1
-1981529,7
-6389660,1
-10797791,1
-6849441,2
-3691118,3
-2704223,25
-1848912,5
-1058883,9
-729918,3
-1386819,2
-1451584,35
-1320511,27
-1582658,13
-1517378,11
-1058115,6
-991033,82
-1056824,293
-1385789,68
-1714497,10
-3496298,6
-1719887,1
-1719117,4
-6258834,10
-6390420,6
-11588067,1
-5404295,3
-1456715,3
-2180697,2
-1588560,3
-1785427,2
-2048601,1
-1982038,2
-1849939,2
-994116,2
-1319234,160
-1385027,141
-1318720,32
-1384513,45
-1450306,54
-1450052,38
-1515845,53
-1910093,24
-1778507,12
-1778505,49
-1844298,59
-1712712,40
-1646919,25
-1515333,15
-1581125,26
-1581638,64
-1516099,81
-1122109,207
-727608,10
-661815,5
-796224,3
-732998,2
-736850,1
-6332335,1
-3835024,1
-2783106,1
-5151654,1
-4691103,1
-2584955,1
-2979713,2
-4098194,1
-2650491,1
-2451829,2
-4949653,1
-3829119,2
-734281,3
-3495275,4
-4282738,2
-991291,30
-596537,3
-1320258,24
-2703192,2
-5206148,10
-5076870,3
-6132125,2
-6727085,3
-7387068,3
-7059130,1
-6204593,2
-5480101,3
-5743273,1
-5808555,1
-5741990,2
-5280926,1
-3898245,1
-7121843,5
-4949647,4
-5146513,8
-8172738,1
-3237495,2
-1985888,4
-1127756,3
-1056827,40
-1319488,148
-1451074,80
-1582406,33
-1516613,67
-1779017,83
-2107983,18
-1976397,23
-2042190,21
-1582921,18
-2109522,2
-1452360,5
-1715786,3
-1452871,6
-1585229,12
-1453389,9
-1256010,8
-1387596,11
-1848147,125
-2111832,132
-2375004,207
-2769762,79
-2835555,55
-2901348,65
-2703969,94
-2572383,176
-2638176,148
-2967142,16
-2901349,24
-2704483,11
-2638177,32
-2506591,74
-1782868,20
-1651282,17
-1848661,19
-1914453,36
-1980247,32
-2046040,51
-1256524,3
-2703970,25
-2835556,13
-2769763,19
-3032935,14
-2637923,3
-2308958,6
-2440798,75
-993865,2
-796486,1
-1586002,1
-2507103,37
-7375785,2
-8560059,1
-4941444,1
-4020083,2
-2572637,45
-993090,7
-1516864,10
-1319996,80
-1254714,9
-1386051,23
-1451844,9
-1517637,4
-1648710,10
-1714503,11
-1714244,4
-1845830,9
-1780037,8
-1254203,66
-1648961,5
-1846340,2
-1911874,3
-1911872,10
-1977665,4
-2108735,18
-1911356,7
-1713977,3
-1779770,1
-1779772,3
-7708074,4
-7510182,5
-7707561,2
-7641768,2
-7772841,1
-9944010,1
-8693943,3
-6720153,3
-6983838,2
-5865357,5
-4022640,2
-4877951,7
-4153458,5
-3758700,3
-4218738,6
-1520200,2
-1516615,35
-1975886,4
-2041679,10
-1910091,59
-2041677,39
-1975884,53
-1581126,16
-1515332,13
-1384259,43
-1252927,24
-1319745,44
-4148587,1
-4214637,2
-1780809,2
-729148,4
-534592,2
-538444,2
-3896967,2
-4558234,2
-1862004,1
-2256762,2
-4756896,1
-4624538,1
-2848127,1
-1795439,1
-2254963,1
-4357770,3
-5934749,2
-932171,4
-1588048,1
-5336452,5
-2111569,1
-662326,7
-532539,4
-5468808,2
-5734030,2
-8565437,1
-8172989,1
-6398631,2
-5940390,1
-6204591,1
-6533558,1
-5677480,2
-4624279,1
-4162958,1
-4755095,2
-4359824,2
-1991018,4
-3766913,5
-8766668,4
-4490123,2
-4424590,3
-8239303,2
-3632253,2
-602695,2
-664125,3
-859455,4
-991034,46
-1187902,207
-1581892,135
-1713224,94
-1977936,6
-1912143,4
-1780557,9
-1649739,4
-1584200,3
-1649993,1
-1584457,3
-1453641,6
-1914194,56
-1651022,16
-1979987,51
-2045526,134
-1782354,92
-2177112,100
-2506077,25
-2309211,202
-3098727,12
-2967141,45
-3230313,6
-2309212,65
-1519182,27
-1979733,159
-1322317,3
-2440287,1
-1913943,2
-1322830,1
-1059658,2
-1651794,7
-3230826,11
-4612479,1
-7244199,3
-4875651,1
-4151669,3
-2375258,63
-795713,3
-663355,4
-1648451,6
-1582657,12
-1583168,15
-1517375,40
-1320507,4
-1386300,1
-1452093,5
-1583430,4
-1780296,3
-1846089,5
-1911623,4
-1714754,8
-2043458,3
-2174528,5
-2042942,13
-1977149,15
-1911358,2
-3234666,3
-3103080,2
-5142661,2
-6326421,4
-6720664,2
-7575973,1
-8891320,2
-7575714,2
-8957624,2
-10602704,1
-10075847,1
-8431022,1
-9219768,1
-10206663,1
-10140613,2
-2967896,4
-1584197,5
-1713992,10
-1713478,92
-1647685,121
-1712965,13
-1712711,34
-1646918,34
-1844297,27
-1844810,90
-2107470,19
-2173263,9
-2173265,16
-2238288,19
-2304079,8
-2369872,6
-2435665,4
-2107469,20
-2041676,18
-2173262,10
-1975883,11
-2372433,1
-4345966,2
-5793669,1
-4478320,1
-1912393,2
-1583428,4
-1191495,1
-1655383,1
-2119784,1
-2912382,2
-2519934,1
-2059383,2
-1993590,1
-4756124,1
-5348261,1
-3506311,2
-3504515,4
-7844028,1
-3629683,1
-1456461,4
-6191760,3
-3296356,2
-598330,3
-1055546,9
-1318718,35
-401464,2
-2377564,1
-6326939,4
-4288381,4
-8632513,3
-5936799,3
-7254456,2
-7716033,2
-5940138,1
-5742759,2
-5084060,2
-6070442,2
-7254205,1
-6201517,2
-6070185,3
-8504526,1
-3241085,2
-5016726,9
-8701134,2
-2386034,4
-5280669,2
-7514808,1
-734792,9
-927295,4
-1384511,45
-990521,27
-1056314,32
-1122107,41
-1516097,59
-1976396,32
-2173776,12
-1911886,3
-1977679,6
-1781838,13
-1979217,32
-2045010,13
-2440538,17
-2572124,7
-3032421,11
-3098214,8
-3229800,4
-3032934,21
-3164520,8
-2966628,9
-2900835,10
-2769249,14
-2440797,190
-2177625,158
-1980246,51
-1913941,14
-1848148,11
-1453390,11
-1716562,7
-1650769,7
-1782355,11
-2242905,98
-1782608,43
-1781840,30
-1716047,30
-1847633,34
-1650768,44
-1584975,34
-1716561,56
-1519183,13
-1387597,10
-1190218,2
-2177113,10
-2506078,9
-2440285,9
-2308699,15
-2111320,18
-730180,2
-993352,2
-4349308,2
-5994133,1
-4744066,1
-3822450,1
-1256264,11
-992320,15
-1780549,5
-1780036,9
-1648704,16
-1715008,8
-1649213,19
-1715006,11
-1780550,6
-1714757,1
-1846343,4
-1912136,3
-1977415,5
-1846342,4
-1912387,4
-2109251,4
-2306114,4
-2239808,3
-2174015,2
-1912126,14
-2043712,3
-8038068,3
-6985380,1
-5866386,6
-6129042,1
-6523800,1
-5799562,2
-5470084,1
-6851991,1
-7839398,2
-6786708,3
-8957364,2
-10207431,1
-10667468,4
-6521996,2
-8298405,2
-4612719,4
-1779785,5
-1779271,39
-1845064,41
-1976137,6
-1910344,5
-1910090,20
-1778504,31
-1647431,53
-1975116,21
-2172493,27
-2238286,8
-2239055,3
-1385281,103
-2109261,2
-6517392,3
-4938103,1
-3030363,1
-3556961,2
-1715014,5
-3030874,2
-6056841,2
-2898777,2
-535619,3
-1723229,2
-1989997,1
-2452858,1
-2651520,1
-1992818,1
-5874346,2
-7978182,3
-6526885,1
-2312796,1
-5599623,2
-5335426,2
-1387078,11
-1516867,28
-1779269,5
-1058881,3
-600383,2
-6195611,3
-5605783,5
-6593189,1
-6462884,6
-5477531,2
-9031380,1
-6268589,2
-4097165,1
-3176063,1
-3372929,1
-4161934,2
-5412001,2
-5477794,2
-4030861,1
-8044232,3
-7715010,1
-3108729,6
-7188665,3
-4426130,4
-2319984,1
-7054770,2
-3892856,2
-269365,4
-1450304,41
-1647683,39
-1582408,32
-1581890,47
-2371155,6
-2436948,4
-2305362,10
-2502741,3
-2568534,4
-1911631,11
-1846093,3
-1714507,9
-1912911,2
-2176083,4
-2176596,8
-2308182,6
-2439768,2
-2769503,10
-3295593,4
-2703456,22
-2571870,20
-1584976,8
-1453643,5
-1650254,53
-2045012,23
-1321804,3
-2374492,7
-2571871,6
-2242906,14
-2637664,3
-3822964,3
-4678273,2
-2177366,23
-1911622,2
-1714243,8
-2240321,2
-2108222,1
-3630453,3
-2642788,1
-2379359,4
-2444382,7
-3497068,3
-4746876,3
-6917530,2
-7444128,1
-8233644,1
-7641506,1
-9878468,1
-9483710,2
-9811905,2
-4614001,2
-5995652,1
-5270649,3
-2107723,3
-1778758,4
-1909321,33
-1909323,18
-2040909,20
-2040907,35
-2106700,29
-2172748,6
-1647172,10
-1581379,10
-1318466,31
-2240590,2
-2109515,1
-5596544,1
-8491436,4
-4478063,1
-4872821,2
-8161958,3
-6188427,1
-3097439,1
-337213,1
-208964,2
-1659746,3
-5017758,1
-4887712,1
-3374989,1
-1992820,1
-2123893,1
-3110272,1
-5082009,1
-2841195,3
-2574943,2
-6059662,2
-3690087,1
-1782604,6
-1518664,4
-5202045,2
-3756396,3
-732739,5
-4484993,2
-6198433,1
-5476250,3
-8042945,1
-4688783,5
-6794418,6
-6663345,3
-8966616,1
-7781573,3
-7913159,1
-7912648,1
-6465202,1
-6925753,1
-9360605,1
-7386815,1
-3965579,2
-8570576,3
-4293004,4
-5148313,2
-7518143,2
-2846327,3
-4488842,7
-7906228,3
-1716811,5
-1713476,18
-1649741,3
-1910857,20
-2042189,23
-2107982,10
-2239568,6
-2305361,4
-2634327,6
-2765913,3
-2831706,9
-2897499,4
-2700120,1
-2502487,6
-2370901,6
-2239315,7
-2107729,13
-2239569,6
-2042960,13
-2240339,7
-2043217,7
-1648972,2
-1715534,4
-2176085,3
-2570843,2
-2636636,1
-2637149,9
-2702942,10
-2571356,4
-2637663,13
-1913940,151
-1979219,37
-1913424,36
-1716045,10
-1847631,32
-1584461,38
-1518413,10
-1979734,6
-532288,2
-3164267,4
-4282748,1
-5862293,1
-4480894,2
-3690864,1
-1583420,20
-1122617,222
-1582911,22
-1846594,1
-2314593,5
-3300718,1
-5800595,1
-6919074,4
-8628922,1
-6062734,4
-6325393,1
-7707300,1
-9220539,2
-10010055,1
-9680320,2
-9680319,1
-5534848,1
-5271162,1
-5994374,4
-1847369,2
-1911882,1
-2172495,21
-2106702,24
-1975114,27
-1975369,3
-1909576,4
-1384000,6
-1252414,1
-1844551,5
-1186880,10
-1252673,22
-2767445,1
-2964824,1
-2833238,3
-5003894,2
-2832725,1
-6582928,1
-8360109,3
-5468040,7
-3891575,1
-5210772,3
-7055029,1
-3307140,1
-4887201,1
-4491927,3
-3043968,1
-2451316,1
-2515055,1
-2182240,3
-5271175,1
-5137533,1
-2110544,2
-1647170,1
-2110290,2
-7639209,3
-2180444,3
-1591128,2
-6790315,4
-4686734,3
-6661805,5
-5280920,1
-6400171,1
-6071978,2
-5874599,3
-8242893,2
-5150623,1
-4360337,1
-3833480,1
-3044477,1
-3966348,4
-8111307,5
-4952729,2
-6662321,1
-7319224,1
-2976886,6
-6399149,2
-6398379,6
-4158850,3
-8366522,3
-3624293,2
-1253693,45
-1648201,12
-2505563,7
-2768735,17
-4742523,2
-5005182,1
-3623529,1
-2963292,1
-2699866,1
-2634073,2
-2371925,4
-2306132,4
-2503511,5
-1977937,1
-2306902,2
-2175315,3
-2306901,2
-2504280,3
-2570073,1
-2635866,2
-2899808,4
-2770275,15
-2110805,16
-1518666,5
-2110803,7
-1913426,46
-1913171,6
-1058632,2
-861253,2
-3493232,2
-4414334,1
-6520223,2
-4678019,1
-3625072,4
-2111319,107
-925753,196
-1517118,37
-1780801,1
-1846333,8
-6656413,2
-6459034,2
-6919326,1
-6458775,1
-4944766,1
-4549495,1
-6589076,2
-7839143,1
-7904936,1
-10536656,1
-8299437,1
-8693427,1
-9022390,1
-5600643,2
-4876150,1
-6717843,7
-2044748,1
-1515586,10
-1777990,7
-1712197,9
-1056064,23
-1451331,6
-1187900,34
-1385279,42
-2766932,3
-6911891,1
-8030372,4
-3885413,2
-2109772,3
-3559017,1
-6916513,1
-8761027,1
-4750221,1
-5081241,1
-6398128,1
-5148061,1
-6924215,1
-4291212,3
-1723745,3
-3233134,10
-6322838,2
-2439509,1
-4809856,2
-6195100,2
-2645099,2
-5805215,4
-6990259,2
-5279639,1
-5806496,3
-5807777,1
-6794929,1
-4756118,5
-7453888,1
-3901066,3
-5150622,1
-6729140,3
-9887972,1
-8111561,2
-3045498,1
-4953495,2
-8176071,3
-5542811,1
-9160399,1
-5409685,3
-3240056,1
-7713210,2
-6260376,5
-1189952,2
-728119,16
-859705,26
-1978706,2
-4281461,1
-5268869,2
-6387348,4
-6189969,3
-6453911,3
-7703978,1
-8098734,2
-8163757,2
-9808582,3
-1779787,8
-1910603,71
-2173775,3
-2371154,1
-2568280,2
-2436694,6
-2765659,4
-2437718,5
-2109523,2
-2438488,5
-2833246,5
-3096418,4
-3097188,9
-3162981,7
-2834528,3
-2440284,34
-2966629,1
-3098215,4
-2901861,10
-3033447,16
-2836068,7
-2442080,34
-2308698,69
-2243159,21
-2374745,11
-1848401,50
-1978964,6
-2044757,4
-2110550,3
-927048,1
-992841,3
-1256270,1
-2572130,2
-4546433,2
-6849188,1
-4743812,3
-3690865,2
-860736,6
-1517116,33
-1451325,41
-1385532,44
-992060,13
-1780799,5
-1846592,3
-1780540,5
-1977919,3
-3630187,1
-2774878,1
-4616569,1
-6129808,1
-7181981,1
-8300207,1
-6984602,1
-3957356,1
-3299939,1
-8694452,1
-7707557,1
-8233390,1
-7114395,1
-6784917,3
-4415601,3
-7375775,5
-2571092,2
-1846600,2
-1843783,7
-1843530,10
-1187134,15
-990271,8
-1252925,41
-1318716,6
-1516095,10
-1121337,6
-6188168,3
-10004162,2
-7636127,4
-2702681,1
-2375256,18
-2903140,4
-6063514,2
-7710908,2
-3764611,2
-2909302,1
-5211287,4
-7644345,3
-5668758,4
-7837617,1
-796483,5
-4483714,4
-4290183,3
-3239803,3
-7189178,3
-8110280,3
-6398633,5
-4819601,3
-7649727,1
-4821911,3
-6861751,2
-8374990,1
-2256241,1
-6730165,1
-10414316,1
-7716031,2
-6334378,1
-7387320,1
-8769487,1
-8176836,1
-9030349,2
-8634566,3
-8238014,3
-4620680,4
-7383473,1
-6986405,2
-2904418,1
-729399,4
-663096,9
-4216181,2
-11190239,1
-7111841,6
-4809599,2
-4415098,2
-2835807,8
-2243670,22
-1322055,3
-7243425,6
-7966378,3
-1518407,2
-2305108,8
-2372182,5
-2569561,5
-2503768,9
-2701660,3
-3293797,3
-3688555,4
-3820911,3
-3557739,5
-3228774,7
-3031395,11
-2965602,9
-2439770,3
-2374491,41
-3098728,12
-2178908,10
-2835296,9
-2506331,16
-2242389,7
-1058634,1
-2440544,5
-3559538,1
-4809605,1
-1451071,11
-1385278,26
-1319739,37
-926267,13
-925498,32
-991031,351
-1320250,28
-7117215,2
-7972524,1
-7379874,1
-5998221,2
-6327440,1
-5077119,1
-4814201,3
-7116188,1
-8037804,1
-9418688,1
-5404802,1
-8431023,2
-6324879,1
-7837605,1
-3165532,6
-7244187,3
-3361121,1
-1649223,2
-1777735,13
-792890,4
-595511,1
-924476,14
-1187132,40
-1384509,17
-1581375,5
-1647168,3
-1713474,3
-3951719,2
-8031142,3
-8425902,4
-7702949,2
-8230320,1
-7968688,1
-3694966,2
-2906477,2
-3169649,1
-2444899,1
-3101548,7
-6521244,1
-9941199,1
-4742012,1
-2707303,1
-7446966,2
-3766149,1
-4952474,2
-7913928,2
-8242379,1
-5214873,2
-7780800,1
-7320762,2
-2782074,2
-5348514,3
-8112590,1
-5744042,2
-5216926,2
-9163479,1
-4228745,2
-3833470,1
-4754572,2
-6794155,4
-10675428,1
-6266786,4
-7910330,3
-9487568,1
-8237501,2
-6000793,2
-7118504,1
-6525597,2
-2641246,3
-663606,16
-728374,281
-400437,1
-399156,1
-464436,1
-661558,2
-530229,1
-794430,6
-729150,4
-4611707,1
-9283523,1
-3230565,5
-6060177,1
-7705002,3
-7639723,5
-7837102,2
-5139075,3
-2967906,5
-8691384,2
-5795979,1
-2042443,4
-2173522,9
-2239317,7
-2174292,4
-2042706,8
-1976913,9
-2108499,4
-2305878,2
-2437975,4
-2964832,1
-3030625,4
-3426153,9
-3492203,10
-3557996,10
-3033188,4
-2967395,16
-3032675,7
-3098468,2
-2111573,21
-1190220,2
-1519442,3
-3691126,1
-5006986,1
-6718374,1
-4941191,1
-1253946,50
-925238,370
-991544,105
-925751,264
-1188664,51
-1912385,5
-7314595,1
-9222592,1
-6261394,1
-5142912,1
-6721944,1
-7774632,1
-8564148,1
-10472145,1
-10274767,2
-8893114,1
-3431525,1
-8431282,2
-6259600,4
-8364462,2
-3429474,1
-5994120,2
-4348016,1
-661304,1
-858683,10
-3358817,1
-5990537,7
-6056330,4
-2569301,2
-1383998,15
-1515068,3
-1712447,3
-2569812,2
-3425634,1
-2505559,2
-1784146,3
-2180187,3
-1718866,2
-993605,8
-794945,3
-2180705,2
-7118001,1
-8304585,1
-3570310,1
-7058622,2
-6203310,1
-7781828,4
-4754835,6
-7123385,5
-8110793,1
-4164241,2
-2454139,2
-3967889,1
-7520711,1
-5217698,1
-6860724,1
-6662573,7
-4490886,3
-10543328,1
-6529955,1
-7319472,1
-7713462,2
-5936540,1
-7382705,2
-8303294,3
-7184295,3
-8828863,1
-7643306,2
-2575707,1
-1717064,3
-3425887,1
-3361891,2
-3032157,5
-4280943,1
-4477809,1
-3951208,2
-4082794,1
-4609138,2
-5069946,4
-5333118,8
-5332607,3
-4016747,1
-3754088,1
-4938362,3
-5202047,2
-4149359,1
-3755115,1
-4479351,1
-3624812,4
-3494764,28
-9745099,1
-6258581,2
-3561068,8
-5008514,7
-6061204,1
-9547720,1
-6126484,2
-3296871,6
-8888763,2
-4085361,3
-2041936,10
-1976145,2
-2766940,4
-2899039,3
-3163238,11
-3229031,13
-2901602,14
-3164261,3
-2966882,6
-2901089,6
-2637917,9
-2045780,29
-1124427,1
-1256013,1
-1322063,2
-4085884,1
-5072779,1
-7047339,2
-4941963,1
-1388109,7
-1451323,32
-1123130,14
-1057337,37
-859958,686
-793912,25
-859445,313
-1057078,96
-1122871,66
-5472141,3
-9814479,2
-9221829,2
-7577002,2
-6524314,3
-4682110,2
-4090484,3
-8103857,1
-8301236,2
-6656154,2
-3498090,3
-9089727,1
-5864844,5
-8298415,2
-3955820,1
-3691880,5
-6190220,1
-2307921,1
-1844300,26
-2438226,3
-6977943,1
-5004153,2
-7175322,3
-7833252,3
-1515584,8
-1909313,1
-1844033,1
-1450302,14
-795709,6
-796222,4
-2509670,3
-3565181,2
-8699856,1
-5806761,1
-5938858,1
-8110027,1
-5873318,2
-9360347,1
-4623762,5
-2387316,1
-4427159,1
-6928322,1
-4297115,1
-2587267,1
-3441804,1
-5810093,2
-6466736,1
-7781054,1
-7976632,2
-10015958,1
-11002853,1
-9358028,1
-10213598,2
-6989487,4
-4028805,6
-6725547,1
-6921123,2
-10012624,1
-9551303,2
-8826042,2
-6783125,2
-5531777,2
-4546678,5
-3624808,4
-4741494,2
-6122377,3
-6976918,2
-6516367,3
-5924230,2
-5595265,3
-5003896,1
-4346223,1
-4740981,2
-5530497,3
-5267838,3
-5333631,2
-5992331,1
-6913690,2
-7046046,5
-7638694,2
-6454933,3
-6126738,3
-8100785,1
-2838114,3
-4022388,9
-3430252,5
-4679551,2
-4679038,10
-8560825,2
-4086387,1
-4151667,6
-7572390,2
-1847629,8
-1779534,9
-2109012,3
-2043219,4
-2306391,3
-2635869,3
-2767455,1
-2767453,2
-2636894,15
-3031652,13
-3097700,8
-3163493,5
-3164774,3
-3099238,26
-2967652,37
-2836066,44
-2770273,46
-2704480,50
-2308184,8
-2373977,5
-2770016,10
-2506844,47
-2243672,44
-2046293,26
-1848914,16
-1783121,9
-2176598,9
-2242391,7
-2045527,15
-2769509,2
-4283263,1
-5270158,1
-6915753,1
-5073549,1
-1256523,11
-794167,257
-1188153,34
-926781,17
-860988,14
-925240,96
-991285,109
-1517627,33
-6591138,1
-5472657,4
-4353660,4
-6064278,2
-8893377,1
-7116964,2
-7314343,4
-7248550,3
-8038066,3
-5998483,4
-2314075,1
-9024448,1
-4615036,2
-7904429,2
-5864076,7
-2770524,4
-8296366,2
-4413297,2
-464949,1
-4940154,2
-4611189,2
-3229023,1
-1978956,2
-1847370,4
-7373214,1
-4543602,1
-1449791,12
-1580861,1
-1252160,7
-2905711,2
-3171450,1
-6792886,1
-5544615,1
-4557718,2
-7584194,1
-7649729,4
-6794420,3
-7847619,3
-5282208,2
-6205114,1
-4889252,1
-2520704,2
-3835792,1
-7057850,2
-9425111,1
-9950426,1
-7976121,2
-6594211,3
-7252398,2
-10739942,2
-6068385,4
-4160390,2
-6133410,2
-8565950,2
-6590618,1
-9090495,2
-12246765,1
-6717845,1
-1518917,5
-2177362,2
-861502,2
-2437201,2
-2963545,1
-2766680,1
-2372176,1
-795711,3
-1256773,4
-4678522,2
-5205636,13
-5403272,4
-7772589,1
-8496312,3
-8957376,1
-8365239,2
-10930654,1
-8956096,2
-5074307,6
-7244965,2
-2770527,3
-4941183,1
-5467014,2
-1977426,6
-1845840,2
-2437977,3
-2504283,4
-2372697,5
-2899809,9
-2900066,10
-2768480,5
-2834273,17
-3097445,12
-2835042,4
-3493739,1
-3625582,8
-3428203,4
-2901859,48
-3098981,2
-2441051,49
-2112086,44
-1980500,24
-1518668,36
-1387082,21
-1059145,2
-598340,1
-4349054,1
-5533330,1
-6520995,1
-5204363,1
-1321803,8
-662581,482
-1057853,7
-793652,216
-1451834,25
-1386041,27
-7119020,2
-3105133,1
-3236204,2
-9815504,2
-8894145,2
-8038834,3
-8433592,1
-3828082,1
-8499385,1
-4749186,1
-3038568,1
-8432826,1
-3761012,2
-6391962,2
-8365240,4
-2508380,4
-8296111,1
-7966119,10
-2171984,9
-2237775,3
-2369361,13
-2112595,3
-3825009,4
-4351866,7
-2969700,5
-2113877,5
-3429224,3
-5533830,6
-8625844,1
-2637399,2
-4347504,1
-8228264,5
-1319486,57
-2378338,1
-3565949,4
-3042428,1
-6597303,1
-4953503,2
-6861240,2
-5608863,5
-7451838,2
-6598071,2
-4229782,2
-3375243,2
-5940400,1
-6137779,1
-3242374,1
-3833482,1
-8372172,1
-8898001,1
-7910591,1
-6397093,3
-7186609,3
-10278878,2
-6133919,4
-6461857,3
-7841714,1
-9484485,2
-10733528,2
-9613250,2
-6454162,4
-5532291,2
-6716052,7
-7044249,3
-6912152,1
-6253709,5
-5793158,1
-5398400,1
-5991050,1
-6780566,2
-7570082,1
-8425389,2
-7438494,2
-6452112,2
-6123147,1
-6123915,2
-6255501,1
-6124428,2
-5730184,2
-6323346,4
-5139842,7
-5403527,7
-4943744,6
-7509928,3
-6655132,6
-2641248,1
-5009283,7
-10403540,1
-4877183,6
-5863566,5
-7047070,4
-1980496,4
-9283008,1
-1648461,1
-1911633,7
-1780560,4
-1846353,1
-1977939,2
-2175318,3
-2241109,1
-2965859,12
-3360872,6
-2900321,3
-3493226,3
-3559019,1
-3427946,3
-3296360,1
-2835809,14
-2177879,43
-2309465,51
-927559,3
-2901095,1
-6980776,2
-5467535,1
-3954550,1
-1452095,3
-1385530,29
-1319737,41
-1254457,48
-794165,1471
-728372,1714
-925749,58
-1122360,21
-1319485,39
-1253692,29
-1320248,15
-7316912,4
-2842475,2
-5935000,3
-8302265,3
-3301997,1
-7051939,1
-4486012,1
-3564910,1
-7578283,1
-2906982,1
-5472655,3
-6722208,2
-1787222,1
-6391707,2
-9286342,3
-3232105,9
-5598598,2
-5531778,1
-2175567,2
-1449539,16
-1974603,1
-2237777,5
-2303570,4
-794943,4
-2178390,12
-4351867,5
-2511456,3
-2050905,2
-1853526,3
-4879491,4
-6786205,3
-5996432,1
-7837355,1
-6849433,2
-1518918,3
-7439005,3
-6188681,2
-661556,1
-1055548,6
-924728,10
-861252,4
-1324624,2
-2248549,3
-3041145,2
-3898764,1
-6729914,2
-4362134,2
-2387829,1
-5873831,5
-6596528,5
-3964809,4
-4755867,1
-7256260,1
-7124161,1
-5741994,2
-7123647,1
-5280928,3
-3569797,1
-6266794,1
-6661039,1
-5278871,1
-6331300,1
-8502467,1
-4028543,2
-7647156,1
-7251373,7
-7512492,2
-7511211,3
-7312549,3
-4350839,6
-1388614,3
-1847883,2
-2767191,2
-2635607,3
-1977677,3
-2635605,1
-3490914,1
-4412529,2
-4807287,1
-4215918,2
-6059149,5
-8230318,1
-8889273,1
-9744582,1
-3824495,3
-6522008,5
-4220278,1
-5602444,4
-3233383,2
-4680318,5
-6851487,1
-8956349,1
-4481912,7
-10008524,2
-6980764,4
-4480630,3
-9479617,3
-3821162,1
-1912146,2
-2635867,3
-3361640,2
-3230567,3
-2111579,3
-4612226,1
-5730707,1
-7243948,1
-5664914,1
-4085623,2
-1519436,12
-1386302,8
-991542,29
-859956,119
-794163,174
-1254455,14
-6066847,2
-3303028,1
-7842743,3
-3959929,4
-8236215,1
-4024693,2
-6064276,2
-5603725,1
-3498349,2
-7840689,2
-3629424,2
-3168105,7
-8562619,1
-6522523,3
-3692397,4
-2110542,1
-1846602,2
-1911625,2
-1843528,13
-2106189,4
-2106191,4
-2303057,3
-1712714,16
-1060423,2
-2443359,2
-4220540,1
-3958138,4
-2379617,1
-2182238,2
-2379870,3
-3629937,3
-5735313,3
-5801106,1
-2905701,1
-1785937,4
-3101286,4
-8166320,1
-4612471,4
-2111054,2
-8229291,11
-3886183,1
-1121341,6
-1318205,11
-1252412,2
-730690,3
-996172,2
-1986147,3
-3172731,2
-3898762,2
-6795450,1
-2322551,3
-5546663,2
-6993854,2
-4032401,3
-2387578,1
-4821917,1
-7584966,1
-5544611,2
-6728627,3
-7912388,1
-6135975,2
-7319735,2
-8240837,1
-5608602,7
-4819086,5
-6397604,7
-7713464,4
-7580338,3
-7379623,2
-7246499,3
-3429735,9
-862527,7
-795964,4
-728889,6
-465717,1
-664123,9
-1651018,4
-8428722,1
-4548218,5
-6127250,6
-3496555,3
-7378342,1
-4286071,2
-4944001,6
-10207184,1
-3693677,4
-9745863,1
-5403014,16
-8626871,1
-10402000,1
-1519945,2
-7506081,9
-3294816,2
-858935,5
-1780047,1
-2241111,1
-2964834,4
-2439515,12
-3361386,1
-6125465,1
-7704497,1
-4283002,1
-1253944,41
-1056567,18
-1187899,21
-1122869,79
-4027009,4
-4618889,4
-7841976,1
-2841450,6
-5999514,7
-6196378,1
-3300972,3
-6195349,3
-6392730,2
-2970724,4
-6983586,3
-6325143,7
-2639966,5
-6586519,3
-4150638,1
-2109774,3
-2108750,1
-2171982,7
-2171471,2
-1978704,4
-1651533,7
-1521487,2
-4483712,3
-4682888,1
-3236468,2
-1592157,5
-1394262,1
-1986141,2
-4288894,2
-6393757,1
-4815238,5
-2775142,2
-2247771,1
-2049624,2
-4088181,3
-8232113,3
-2704474,2
-3032671,2
-6848151,5
-2373716,3
-1580607,3
-1449021,2
-1581377,6
-1459033,1
-2711151,4
-3437184,1
-6530993,3
-5940139,1
-3375494,4
-4822685,1
-7191235,1
-5150882,1
-2913920,1
-3834763,1
-7584449,5
-5281179,3
-3768194,2
-8241605,4
-10083037,2
-8437955,2
-7253427,3
-6463397,4
-6923435,4
-7120814,2
-5080718,1
-7644850,3
-7444135,1
-7310241,3
-1322821,2
-1322053,3
-992574,18
-1585225,2
-3691369,1
-9020859,1
-5205635,13
-8957374,1
-3364969,5
-6062482,4
-11720423,1
-9022910,2
-10206414,1
-9021627,2
-9219008,1
-5994124,3
-6782872,2
-1581888,6
-2109010,3
-2240596,3
-2766942,2
-2899041,11
-3096420,12
-3359592,8
-3360360,8
-3360617,16
-2966114,6
-3164007,1
-4875652,1
-6388637,1
-7967669,2
-6454684,3
-4414587,2
-1188151,29
-728370,223
-1057076,177
-3960705,7
-8566215,1
-6855083,1
-3235953,1
-8630979,1
-3959418,6
-5274508,2
-7313832,1
-3563631,1
-8102578,1
-4220791,4
-5207173,3
-7245731,1
-2902880,7
-4875901,2
-5993869,3
-2045008,8
-2307153,1
-2043981,1
-1845578,3
-2108236,2
-1910352,3
-2040396,5
-1780300,4
-1715532,3
-1519947,4
-3562351,7
-5274509,2
-5012366,4
-2381673,3
-1197910,2
-1658461,4
-2645611,2
-5276818,3
-4618886,2
-2381410,2
-2447203,1
-5210509,1
-7446958,4
-7249066,1
-1654864,3
-4549245,6
-7903661,2
-1850193,4
-3164770,3
-7440804,2
-1716043,6
-465719,1
-664640,1
